Name,Link,Price
Hario V60 Measuring Scoop-White,https://prima-coffee.com/equipment/hario/m-12w-hario-sp,$5.00
Yama Bamboo Stir Stick for Siphon Brewing,https://prima-coffee.com/equipment/yama/es-1,$5.00
"Hario Coffee Brown Paper Filter Size 02 for V60 Brewer, 40 Count (Un-tabbed)",https://prima-coffee.com/equipment/hario/vcf-02-40m-hario-sp,$6.00
Hario Paper Siphon Filters - 100 Pack,https://prima-coffee.com/equipment/hario/cf-103e,$6.19
"Hario F-103S Filter for TCA, NXA, or SCA Series Syphons",https://prima-coffee.com/equipment/hario/f-103s-hario-sp,$6.99
1 oz. Coffee Scoop - 1 dozen,https://prima-coffee.com/equipment/rattleware/03717-rattl-sp,$6.99
"Yama Coffee Syphon / Siphon Vacuum Pot Filters, Set of 5",https://prima-coffee.com/equipment/yama/cp-1,$9.50
Hario V60 Coffee Dripper Size 01,https://prima-coffee.com/equipment/hario/v60-01,$10.00
Hario V60 Coffee Dripper Size 02,https://prima-coffee.com/equipment/hario/v60-02,$11.00
Hario Paper Filter Holder for Siphons - with 50 Filters,https://prima-coffee.com/equipment/hario/f-103mn,$11.00
Specialty Turkish Coffee Olivewood Stirring Paddle,https://prima-coffee.com/equipment/specialty-turkish-coffee/stc-paddle,$12.00
Able Heat Lid for Chemex Brewers,https://prima-coffee.com/equipment/able/heat-lid-black,$12.00
Kruve Coffee Brew Stick,https://prima-coffee.com/equipment/kruve-inc/kvq1019-kr-in-pp,$12.99
CoffeeSock Cloth Filter for Hario V60 02,https://prima-coffee.com/equipment/coffeesock/cs-v2,$13.99
"CoffeeSock Cloth Filter for Chemex 6, 8, and 10 Cup",https://prima-coffee.com/equipment/coffeesock/cs-x6,$13.99
Kruve Brewler,https://prima-coffee.com/equipment/kruve-inc/kvs2020-kr-in-sp,$14.99
Origami Resin Dripper Holder,https://prima-coffee.com/equipment/origami-japan/od-h-w-sl-po-sp,$15.00
Able DISK-Fine Filter for AeroPress,https://prima-coffee.com/equipment/able/disk-fine,$15.00
Third Wave Water TDS Meter,https://prima-coffee.com/equipment/third-wave-water/tds-th-wa-sp,$15.00
Able DISK Filter for AeroPress,https://prima-coffee.com/equipment/able/disk,$15.00
Hario Coffee Dripper V60 Size 03 Clear Plastic,https://prima-coffee.com/equipment/hario/vd-03t,$15.50
"Revolution Easy Steam Thermometer, 5"" Stem",https://prima-coffee.com/equipment/revolution/11160-revol-sp,$15.99
Hatfields London Nitrogen Coffee Cocktail Chargers for the NitroPress (Box of 10),https://prima-coffee.com/equipment/hatfields-london/hlc-0001-hatfi,$15.99
Sibarist FAST Filters for Hario V60 01/02,https://prima-coffee.com/equipment/sibarist/fastfilters-sibar-pp,$16.00
Sibarist FAST Filters for Kalita 185,https://prima-coffee.com/equipment/sibarist/fast-flat-sibar-pp,$16.00
Third Wave Water 1 Gallon Sticks - 12 Dose Pack,https://prima-coffee.com/equipment/third-wave-water/third-wave-water,$16.00
Stainless Yama Coffee Siphon Filter,https://prima-coffee.com/equipment/yama/yamftlfl,$16.00
Hario Mizudashi Cold Brew Coffee Pot,https://prima-coffee.com/equipment/hario/mcpn-14b,$16.50
Yama Siphon Bottom Glass Replacement for TCA-3D,https://prima-coffee.com/parts/yama/tca-3d-bottom,$18.00
Bee House Ceramic Coffee Dripper,https://prima-coffee.com/equipment/zero-japan/bkk-15l-wh,$19.99
Crystal Eye Dripper 02,https://prima-coffee.com/equipment/timemore/70tdp008aa101-timem-sp,$20.00
Yama Siphon Top Glass Replacement for TCA-3D,https://prima-coffee.com/parts/yama/tca-3d-top,$21.00
Yama Siphon Bottom Glass Replacement Part for TCA-5D,https://prima-coffee.com/parts/yama/tca-5d-bottom,$21.00
Large Digit Airpot Timer,https://prima-coffee.com/equipment/espresso-supply/02626-es-su-sp,$21.99
Hario V60 Ceramic Filter Holder,https://prima-coffee.com/equipment/hario/vps-100w,$23.50
notNeutral - GINO Glass Coffee Dripper,https://prima-coffee.com/equipment/notneutral/gino-dripper,$24.00
Baratza Sette Single Dose Hopper,https://prima-coffee.com/equipment/baratza/s916-b-barat-sp,$24.00
Hario V60 Fretta Iced Coffee Brewer,https://prima-coffee.com/equipment/hario/vic-02b,$24.50
Yama Siphon Top Glass Replacement for TCA-5D,https://prima-coffee.com/parts/yama/tca-5d-top,$26.00
Jennings CJ4000 Scale,https://prima-coffee.com/equipment/jennings/sccj4000bk,$29.00
Fellow Atmos Vacuum Canister,https://prima-coffee.com/equipment/fellow-products/1168-fe-pr-pp,$30.00
Cona Glass Filter Rod For Siphon Brewers,https://prima-coffee.com/equipment/cona/cona-rod,$30.00
The Coffee Brewer's Logbook,https://prima-coffee.com/equipment/prima-coffee/thcffbrwrlg-th-co-sp,$30.00
Hario V60 Drip Decanter,https://prima-coffee.com/equipment/hario/vdd-02b,$30.50
32 oz AirScape Coffee Storage Container,https://prima-coffee.com/equipment/planetary-design/airscape-bl-s,$31.00
Hario Metal Coffee Press,https://prima-coffee.com/equipment/hario/hario-coffee-press,$34.50
Clever Coffee Dripper,https://prima-coffee.com/equipment/abid/clever-abid-pp,$34.95
Espro BLOOM Pour Over Coffee Dripper,https://prima-coffee.com/equipment/espro/7018-bs-gr-espro-sp,$34.95
Clever Coffee Dripper,https://prima-coffee.com/equipment/abid/clever-abid-pp,$34.95
Curtis 12 1/2 x 4 in. Filters for GemX Coffee Brewers - 500 Count,https://prima-coffee.com/equipment/curtis/gem-6,$34.99
Curtis WC-3417 Plastic Brew Cone Assembly with Splash Pocket,https://prima-coffee.com/equipment/curtis/wc-3417,$34.99
Waterproof Timer,https://prima-coffee.com/equipment/espresso-supply/02627-es-su-sp,$35.99
64 oz AirScape Coffee Storage Container,https://prima-coffee.com/equipment/planetary-design/airscape-bl-l,$36.00
Kalita Wave Drippers,https://prima-coffee.com/equipment/kalita/wave-dripper,$37.00
Able Fourth Generation KONE Stainless Steel Filter,https://prima-coffee.com/equipment/able/kone,$39.50
AeroPress Original Coffee Maker,https://prima-coffee.com/equipment/aeropress/aeropress,$39.95
Rhino Coffee Gear Bean Scoop 2.2lbs,https://prima-coffee.com/equipment/rhino-coffee-gear/rhbnscp-rh-co-sp,$39.95
Fetco F001 filters 15 in. X 5 1/2 in. 500 Count,https://prima-coffee.com/equipment/fetco/f001,$39.99
"Fetco F008 Filters 10 5/8"" x 4 1/2"" 1000 Count",https://prima-coffee.com/equipment/fetco/f00800000-fetco-sp,$39.99
Fetco F002 filters 13 in. X 5 in. 500 Count,https://prima-coffee.com/equipment/fetco/f002,$39.99
Fetco F003 filters 9 3/4 in. X 4 1/2 in. 1000 Count,https://prima-coffee.com/equipment/fetco/f003,$39.99
Curtis 15 x 5 1/2 in. Filters for GemX Coffee Brewers - 500 Count,https://prima-coffee.com/equipment/curtis/gem-6-101,$39.99
Origami Dripper - Medium,https://prima-coffee.com/equipment/origami-japan/od-m-sl-po-pp,$40.00
Woodneck Pour Over Coffee Drip Pot,https://prima-coffee.com/equipment/hario/dpw-3,$40.50
Hario V60 Glass Dripper with Olivewood,https://prima-coffee.com/equipment/hario/vdg-01-ov,$42.50
Chemex 3-cup Coffee Maker,https://prima-coffee.com/equipment/chemex/3-cup-chemex,$44.15
Hario Switch V60 Immersion Dripper,https://prima-coffee.com/equipment/hario/ssd-200-b-hario-pp,$44.50
Fetco B014218BN2 13 in. x 5 in. Plastic Brew Basket,https://prima-coffee.com/equipment/fetco/b014218bn2,$44.99
Fetco B015280BN2 16 in. x 6 in. Plastic Brew Basket,https://prima-coffee.com/equipment/fetco/b015280bn2,$44.99
Chemex 6 Cup Coffee Maker - Classic & Glass Handle Styles,https://prima-coffee.com/equipment/chemex/6-cup-chemex,$49.50
AeroPress Coffee Maker (Clear),https://prima-coffee.com/equipment/aeropress/aeropress-clear-aerop-sp,$49.95
AeroPress Go Travel Coffee Maker,https://prima-coffee.com/equipment/aeropress/10r11-aerop-sp,$49.95
Yama BN-1 Butane Burner for Siphon Brewer,https://prima-coffee.com/equipment/yama/bn1,$51.00
Chemex 8 Cup Coffee Maker - Classic & Glass Handle Styles,https://prima-coffee.com/equipment/chemex/8-cup-chemex,$51.50
Hario V60 Buono Kettle - Japanese Made,https://prima-coffee.com/equipment/hario/vkb-120hsv,$52.50
Tricolate Coffee Brewer,https://prima-coffee.com/equipment/tricolate/trcltbrwr-trico-sp,$52.99
Yama Coffee Vacpot 5 Cup Stovetop Siphon/Syphon,https://prima-coffee.com/equipment/yama/sy-5bk,$53.00
Chemex 10 Cup Coffee Maker - Classic & Glass Handle Styles,https://prima-coffee.com/equipment/chemex/10-cup-chemex,$53.50
Oxo 6lb Precision Scale with Timer,https://prima-coffee.com/equipment/oxo/11212400-oxo-sp,$55.99
Yama Coffee Vacpot 8 Cup Stovetop Siphon/Syphon,https://prima-coffee.com/equipment/yama/sy-8bk,$58.00
OptiPure Water Test Kit,https://prima-coffee.com/equipment/optipure/180-80180,$59.00
Litmus Coffee UFO Spray Head for Curtis Batch Brewers,https://prima-coffee.com/equipment/litmus-coffee-labs/ufo-curtis-li-co-sp,$59.99
Curtis WC-3422 Plastic Brew Cone Assembly with Splash Pocket,https://prima-coffee.com/equipment/curtis/wc-3422,$59.99
Hario Drip Scale,https://prima-coffee.com/equipment/hario/vst-2000-hario-pp,$60.00
Hario Switch Immersion Dripper Server Set,https://prima-coffee.com/equipment/hario/ssd-5012-b-hario-sp,$60.50
Kalita Wave Style Set,https://prima-coffee.com/equipment/kalita/35159,$63.00
Etkin Ceramic Coffee Dripper,https://prima-coffee.com/equipment/etkin/etkin-8-cup-dripper-etkin-sp,$65.00
Timemore Black Mirror Basic 2 Coffee and Espresso Scale,https://prima-coffee.com/equipment/timemore/if11140026-timem-sp,$65.00
Yama Coffee Vacpot 3 Cup Tabletop Siphon/Syphon,https://prima-coffee.com/equipment/yama/yamtca3d,$67.00
Specialty Turkish Coffee Stand X,https://prima-coffee.com/equipment/specialty-turkish-coffee/stc-stand-x-single,$69.00
Hario Copper V60 Coffee Dripper Size 02,https://prima-coffee.com/equipment/hario/vdp-02cp,$69.50
Fetco F005 half-batch filters 18 1/2 in. X 7 1/2 in. 500 count.,https://prima-coffee.com/equipment/fetco/f005,$69.99
Yama Coffee Vacpot 5 Cup Tabletop Siphon/Syphon,https://prima-coffee.com/equipment/yama/yamtca5d,$71.00
Hario Bona Enamel Pouring Kettle 800 mL,https://prima-coffee.com/equipment/hario/bdk-80-w,$72.50
Filter Grinding Accessories Bundle,https://prima-coffee.com/equipment/prima/filter-grinding-bundle-prima-bp,$74.00
Litmus Coffee UFO Spray Head for Fetco Batch Brewers,https://prima-coffee.com/equipment/litmus-coffee-labs/ufo-fetco-li-co-sp,$74.99
Kalita Wave Pot Pouring Kettle - 1 Liter,https://prima-coffee.com/equipment/kalita/52073,$79.00
Hario Smart G Kettle,https://prima-coffee.com/equipment/hario/dkg-140-hario-pp,$80.00
Specialty Turkish Coffee Pro 1 Cezve,https://prima-coffee.com/equipment/specialty-turkish-coffee/stc-pro,$82.00
Hario Olivewood Coffee Press,https://prima-coffee.com/equipment/hario/cpsw-2-ov,$82.50
Yield Design Glass French Press - 850 mL,https://prima-coffee.com/equipment/yield-design-co/gfr-clr,$84.99
Fellow Stagg Pouring Kettle,https://prima-coffee.com/equipment/fellow-products/fp1043,$85.00
Fellow Raven Stovetop Kettle and Tea Steeper,https://prima-coffee.com/equipment/fellow-products/fp1104,$85.00
Hario V60 Buono Electric Kettle - 0.8 Liter,https://prima-coffee.com/equipment/hario/evkb-80u-hsv,$86.50
Walkure Karlsbad Porcelain Pour Over Brewer,https://prima-coffee.com/equipment/walkure/walkure-karlsbad,$89.00
Peak Water Pitcher Starter Pack,https://prima-coffee.com/equipment/peak-water/pwj001-pe-wa-sp,$89.00
Brewista Smart Scale II,https://prima-coffee.com/equipment/brewista/bssrb2-brewi-sp,$89.95
Kalita Thin Spout Kettle - 700mL,https://prima-coffee.com/equipment/kalita/52055,$89.99
Hario Tabletop Coffee Siphon,https://prima-coffee.com/equipment/hario/tca-5,$96.50
Fetco F004 filters 20 in. X 8 in. 500 Count,https://prima-coffee.com/equipment/fetco/f004,$99.99
Fetco d041 - 3.0 Liter Stainless Steel Lined Lever Airpot,https://prima-coffee.com/equipment/fetco/d041,$104.99
Walkure Bayreuth Porcelain Pour Over Brewer,https://prima-coffee.com/equipment/walkure/walkure-bayreuth,$109.00
Hario Coffee Siphon NEXT,https://prima-coffee.com/equipment/hario/nxa-5,$115.00
Espro Press 18oz & 32oz,https://prima-coffee.com/equipment/espro/espro-press,$119.95
Yield Design Ceramic French Press - 850 mL,https://prima-coffee.com/equipment/yield-design-co/frs-gry,$119.99
Fetco A147 - Luxus S4S-10-1 Single Serving Station for L4S-10,https://prima-coffee.com/equipment/fetco/a147,$119.99
Fetco A150 - Luxus S4S-15/20-1 Single Serving Station for L4S-15 & L4S-20,https://prima-coffee.com/equipment/fetco/a150,$119.99
Fetco D063 - 1 Gallon Stainless Steel Lined Lever Airpot,https://prima-coffee.com/equipment/fetco/d063,$124.99
Fetco B003218B1 13 in. x 5 in. Stainless Steel Brew Basket,https://prima-coffee.com/equipment/fetco/b003218b1,$124.99
Hario Buono Copper Pouring Kettle 900 mL,https://prima-coffee.com/equipment/hario/vkbn-90cp-hario-sp,$130.00
Origami Brew Bundle,https://prima-coffee.com/equipment/origami-japan/origami-brew-w-pr-co-bp,$144.99
Acaia Pearl Digital Scale with Bluetooth (2021),https://prima-coffee.com/equipment/acaia/pearl-scale,$150.00
Fetco B00828004 21 in. x 7 in. Stainless Steel Brew Basket,https://prima-coffee.com/equipment/fetco/b00828004,$159.99
Voga Ground Control Preventative Maintenance Kit,https://prima-coffee.com/parts/voga/preventative-kit-voga-sp,$160.00
Hatfields London NitroPress Portable Handheld Nitro Dispenser (500ML),https://prima-coffee.com/equipment/hatfields-london/hld-0016-hatfi,$164.99
Fetco A148 - Luxus S4S-10-2 Twin Serving Station for L4S-10,https://prima-coffee.com/equipment/fetco/a148,$194.99
Fetco B001280B1 16 in. x 6 in. Stainless Steel Brew Basket,https://prima-coffee.com/equipment/fetco/b001280b1,$194.99
Fellow Stagg EKG Pro Electric Pouring Kettle,https://prima-coffee.com/equipment/fellow-products/1222pro-mb-us-fe-pr-pp,$195.00
Fetco A151 - Luxus S4S-15/20-1 Twin Serving Station for L4S-15 & L4S-20,https://prima-coffee.com/equipment/fetco/a151,$199.99
Curtis GemX IntelliFresh Single Satellite Remote Warming Stand,https://prima-coffee.com/equipment/curtis/gem5xsift,$199.99
Alto Commercial Cold Brew Starter Kit,https://prima-coffee.com/equipment/alto/cmmrcl-cldbrw-strtr-kt-alto-sp,$209.99
Acaia Pearl Model S Brewing Scale,https://prima-coffee.com/equipment/acaia/pearl-model-s-acaia-pp,$220.00
Turkish Coffee Kit,https://prima-coffee.com/equipment/prima-coffee/pcc-15-prima-bp,$240.99
Fetco A149 - Luxus S4S-10-3 Triple Serving Station for L4S-10,https://prima-coffee.com/equipment/fetco/a149,$244.99
Technivorm Moccamaster Cup-One Automatic Coffee Maker,https://prima-coffee.com/equipment/technivorm/69212-techn-pp,$249.00
Ratio Four Automatic Coffee Maker,https://prima-coffee.com/equipment/ratio/r472-g-1-ratio-sp,$259.00
Fetco B00828002 21 in. x 7 in. Stainless Steel Brew Basket with Clips,https://prima-coffee.com/equipment/fetco/b00828002,$264.99
Yama Cold Coffee Brewer - 32 oz.,https://prima-coffee.com/equipment/yama/yamcdm8c,$270.00
Fetco A152 - Luxus S4S-15/20-3 Triple Serving Station for L4S-15 & L4S-20,https://prima-coffee.com/equipment/fetco/a152,$274.99
Curtis ThermoPro 1.5 Gallon Stainless Vacuum Server,https://prima-coffee.com/equipment/curtis/txsg1501s600,$319.99
Technivorm Moccamaster KB Automatic Coffee Maker (40oz),https://prima-coffee.com/equipment/technivorm/59691-techn-sp,$329.00
Technivorm Moccamaster KBT Automatic Coffee Maker (40oz),https://prima-coffee.com/equipment/technivorm/79112-techn-pp,$329.00
Breville Precision Coffee Brewer,https://prima-coffee.com/equipment/breville/bdc450bss1bus1-brevi-sp,$329.95
Curtis ThermoPro One Gallon Stainless Vacuum Server,https://prima-coffee.com/equipment/curtis/txsg0101s600,$329.99
Technivorm Moccamaster KBGV Select Automatic Coffee Maker (40oz),https://prima-coffee.com/equipment/technivorm/53937-techn-pp,$359.00
Ratio Six Automatic Coffee Maker (V2),https://prima-coffee.com/equipment/ratio/r602-ftc-1-ratio-pp,$359.00
Fellow Aiden Precision Coffee Maker,https://prima-coffee.com/equipment/fellow-products/ebrmb-na-fe-pr-pp,$365.00
Fetco L4S-10 - Luxus Thermal Coffee Dispenser - 1 Gallon,https://prima-coffee.com/equipment/fetco/d451,$369.99
"Curtis 1.0 Gallon Thermal Freshtrac™ Dispenser without Base, and Wide Mouth Lid",https://prima-coffee.com/equipment/curtis/tft1g2-curti-sp,$389.99
Fetco L4S-15 - Luxus Thermal Coffee Dispenser - 1.5 Gallons,https://prima-coffee.com/equipment/fetco/d452,$394.99
Technivorm Moccamaster CDT Grand Automatic Coffee Maker (60oz),https://prima-coffee.com/equipment/technivorm/39340-techn-sp,$395.00
NitroPress DS Nitro Dispenser,https://prima-coffee.com/equipment/hatfields-london/ds-home-nitro-sp,$399.00
Ground Control Starter Kit,https://prima-coffee.com/parts/voga/starter-kit-voga-sp,$399.00
Fetco TPD-15 - Luxus Thermal Dispenser - 1.5 Gallons,https://prima-coffee.com/equipment/fetco/d009,$404.99
Fetco L4D-10 - Luxus Thermal Dispenser - 1 Gallon,https://prima-coffee.com/equipment/fetco/d448,$409.99
Curtis GemX Gemini IntelliFresh FreshTrac 1.5 Gallon Satellite,https://prima-coffee.com/equipment/curtis/gem3xift,$429.99
Fetco L4D-15 - Luxus Thermal Dispenser - 1.5 Gallons,https://prima-coffee.com/equipment/fetco/d449,$439.99
Second Nitro Keg & Tap Kit,https://prima-coffee.com/equipment/kegco/nitro-conversion-kit,$450.00
Fetco L4S-20 - Luxus Thermal Coffee Dispenser - 2 Gallons,https://prima-coffee.com/equipment/fetco/d453,$454.99
Yama Cold Coffee Brewer - 124 oz.,https://prima-coffee.com/equipment/yama/yamcdm25sbk-yama-pp,$470.00
Fetco TPD-30 - Luxus Thermal Dispenser - 3 Gallons,https://prima-coffee.com/equipment/fetco/d012,$479.99
Fetco L4D-20 - Luxus Thermal Coffee Dispenser - 2 Gallons,https://prima-coffee.com/equipment/fetco/d450,$499.99
Fetco CBS-1221 Plus Airpot Brewer,https://prima-coffee.com/equipment/fetco/CBS-1221-fetco-pp,$899.99
Acaia Orion Bean Doser,https://prima-coffee.com/equipment/acaia/ao101-acaia,$950.00
Fetco CBS-1231 Plus Series Brewer - Single Station 3L or 1 Gallon,https://prima-coffee.com/equipment/fetco/e1231us-1a115-pm011-fetco-pp,"$1,057.99"
CBS-2231 NG Brewer - Single Station 1 Gallon,https://prima-coffee.com/equipment/fetco/e2231us-fetco-pp,"$1,280.99"
Fetco CBS-1241 Plus Series Brewer - Single Station 1 Gallon,https://prima-coffee.com/equipment/fetco/e1241us-1a115-pm011-fetco-pp,"$1,311.99"
Compact Nitro Coffee Kit,https://prima-coffee.com/equipment/kegco/ick-19b-1,"$1,424.99"
Fetco CBS-1232 Plus Series Brewer - Dual Station 3L or 1 Gallon,https://prima-coffee.com/equipment/fetco/e1232us-1b223-pm010-fetco-pp,"$1,486.99"
Curtis G4 CGC Single Cup Brewer,https://prima-coffee.com/equipment/curtis/cgc,"$1,509.99"
CBS-2232 NG Brewer - Dual Station 1 Gallon,https://prima-coffee.com/equipment/fetco/e2232us-fetco-pp,"$1,580.99"
Fetco CBS-2241 NG Brewer - Single Station 1 Gallon,https://prima-coffee.com/equipment/fetco/e2241us-fetco-pp,"$1,670.99"
Curtis G4 ThermoPro 1.5 Gallon Single Coffee Brewer,https://prima-coffee.com/equipment/curtis/g4tp2s63a3100,"$1,689.99"
Fetco CBS-1242 Plus Series Brewer - Dual Station 1 Gallon,https://prima-coffee.com/equipment/fetco/e1242us-1b223-pm010-fetco-pp,"$1,723.99"
Marco ColdBRU Commercial Cold Brew Coffee Maker,https://prima-coffee.com/equipment/marco/1001950us-marco-sp,"$1,725.30"
Fetco CBS-1251 Plus Series Brewer - Single Station 1.5 Gallon,https://prima-coffee.com/equipment/fetco/e1251us-1b230-pm110-fetco-sp,"$1,904.99"
Fetco CBS-2251 NG Brewer - Single Station 1.5 Gallon,https://prima-coffee.com/equipment/fetco/e2251us-fetco-pp,"$1,968.99"
Curtis G3 GemX Gemini IntelliFresh Single 1.5 Gallon Coffee Brewer with FreshTrac Satellite,https://prima-coffee.com/equipment/curtis/gemxsift63a1000,"$2,049.99"
Fetco CBS-2242 NG Brewer - Dual Station Station 1 Gallon,https://prima-coffee.com/equipment/fetco/e2242us-fetco-pp,"$2,141.99"
Curtis G4 ThermoPro 1.5 Gallon Twin Coffee Brewer,https://prima-coffee.com/equipment/curtis/g4tp2t10a3100,"$2,249.99"
Fetco CBS-1252 Plus Series Brewer - Dual Station 1.5 Gallon,https://prima-coffee.com/equipment/fetco/e1252us-ub230-pm110-fetco-pp,"$2,267.99"
Curtis G4 ThermoPro One Gallon Single Coffee Brewer,https://prima-coffee.com/equipment/curtis/g4tp1s63a3100,"$2,346.00"
Curtis G4 GemX Gemini IntelliFresh Single 1.5 Gallon Coffee Brewer with FreshTrac Satellite,https://prima-coffee.com/equipment/curtis/g4gemxsift63a1000,"$2,349.99"
Fetco CBS-2252 NG Brewer - Dual Station 1.5 Gallon,https://prima-coffee.com/equipment/fetco/e2252us-fetco-pp,"$2,607.99"
Curtis G4 ThermoPro One Gallon Twin Coffee Brewer,https://prima-coffee.com/equipment/curtis/g4tp1t10a3100,"$2,855.00"
Curtis G3 GemX Gemini IntelliFresh Twin 1.5 Gallon Coffee Brewer with FreshTrac Satellites,https://prima-coffee.com/equipment/curtis/gemxtift10a1000,"$3,159.99"
Curtis G4 GemX Gemini IntelliFresh Twin 1.5 Gallon Coffee Brewer with FreshTrac Satellites,https://prima-coffee.com/equipment/curtis/g4gemxtift10a1000,"$3,379.99"
Marco POUR'D 3-Button Beverage Dispenser,https://prima-coffee.com/equipment/marco/5001940c3b-marco-sp,"$3,555.00"
Fetco CBS-2262 NG Brewer - Dual Station 3 Gallon,https://prima-coffee.com/equipment/fetco/e2262us-fetco-pp,"$4,334.99"
Turbo Air TBD-2SBD-N6 - Black Two Half Barrel Kegs Beer Dispenser,https://prima-coffee.com/equipment/turbo-air/tbd-2sbd-n6,"$5,304.99"
Marco SP9 Coffee Brewers | Single or Twin Brew Head,https://prima-coffee.com/equipment/marco/1000832us-marco-pp,"$5,551.00"
Ground Control Commercial Coffee Brewer,https://prima-coffee.com/equipment/voga/grnd-cntrl-cyclps-voga-sp,"$10,900.00"
"Curtis 1.0 Gallon Thermal Freshtrac™ Dispenser without Base, and Wide Mouth Lid",https://prima-coffee.com/equipment/curtis/tft1g2-curti-sp,
Ratio Four Automatic Coffee Maker,https://prima-coffee.com/equipment/ratio/r472-g-1-ratio-sp,
Fellow Aiden Precision Coffee Maker,https://prima-coffee.com/equipment/fellow-products/ebrmb-na-fe-pr-pp,
OPEN BOX - NEW | Specialty Turkish Coffee Stand X,https://prima-coffee.com/equipment/specialty-turkish-coffee/stc-stand-x-single-us-e-sp,
NitroPress DS Nitro Dispenser,https://prima-coffee.com/equipment/hatfields-london/ds-home-nitro-sp,
Technivorm Moccamaster CDT Grand Automatic Coffee Maker (60oz),https://prima-coffee.com/equipment/technivorm/39340-techn-sp,
Filter Grinding Accessories Bundle,https://prima-coffee.com/equipment/prima/filter-grinding-bundle-prima-bp,
USED - EXCELLENT | Breville Precision Coffee Brewer,https://prima-coffee.com/equipment/brands/bdc450bss1bus1-us-e-brevi-sp,
SCRATCH & DENT - FAIR | Fetco CBS-1232 Plus Brewer - Dual Station 3L or 1 Gallon - 15.8 Gal/HR - 30 amp,https://prima-coffee.com/equipment/fetco/e1232us-sd-f-1b230-pm010-fetco-v,
Ratio Six Automatic Coffee Maker (V2),https://prima-coffee.com/equipment/ratio/r602-ftc-1-ratio-pp,
Marco ColdBRU Commercial Cold Brew Coffee Maker,https://prima-coffee.com/equipment/marco/1001950us-marco-sp,
